Time (%),Total Time (ns),Instances,Avg (ns),Med (ns),Min (ns),Max (ns),StdDev (ns),Name
49.5,480778624,428,1123314.5,657760.0,27680,10989504,1475362.6,"void mul_mat_q<(ggml_type)12, (int)112, (bool)0>(const char *, const int *, const int *, const int *, float *, float *, const float *, uint3, int, int, int, int, int, uint3, uint3, int, int, int, uint3, uint3, int, int, int, uint3)"
10.0,97518624,70,1393123.2,304528.0,80288,12109024,2079059.5,"void mul_mat_q<(ggml_type)14, (int)112, (bool)0>(const char *, const int *, const int *, const int *, float *, float *, const float *, uint3, int, int, int, int, int, uint3, uint3, int, int, int, uint3, uint3, int, int, int, uint3)"
6.2,59794112,214,279411.7,165904.0,17952,844736,286621.4,"void mul_mat_q<(ggml_type)12, (int)16, (bool)0>(const char *, const int *, const int *, const int *, float *, float *, const float *, uint3, int, int, int, int, int, uint3, uint3, int, int, int, uint3, uint3, int, int, int, uint3)"
5.5,53627424,214,250595.4,141600.0,16768,713024,249091.9,"void mul_mat_q<(ggml_type)12, (int)8, (bool)0>(const char *, const int *, const int *, const int *, float *, float *, const float *, uint3, int, int, int, int, int, uint3, uint3, int, int, int, uint3, uint3, int, int, int, uint3)"
4.6,44998400,140,321417.1,154688.0,10848,1895872,398614.4,"void unary_gated_op_kernel<&op_silu, float>(const T2 *, const T2 *, T2 *, long, long, long, long)"
3.4,33389376,181,184471.7,73536.0,12384,742784,227519.4,"void mul_mat_vec_q<(ggml_type)12, (int)1, (bool)1, (bool)0, (bool)0>(const void *, const void *, const int *, ggml_cuda_mm_fusion_args_device, float *, unsigned int, uint3, unsigned int, unsigned int, unsigned int, uint3, unsigned int, unsigned int, unsigned int, uint3, unsigned int, unsigned int, unsigned int, unsigned int)"
3.2,31529536,856,36833.6,13696.0,4288,392864,60631.2,"void quantize_mmq_q8_1<(mmq_q8_1_ds_layout)1, (bool)0>(const float *, const int *, void *, long, long, long, long, long, int, int, int)"
2.9,27996224,361,77551.9,19968.0,6016,781024,118362.7,"void rms_norm_f32<(int)1024, (bool)1, (bool)0>(const float *, float *, int, long, long, long, float, const float *, long, long, long, uint3, uint3, uint3, uint3, const float *, long, long, long, uint3, uint3, uint3, uint3)"
2.5,24683712,715,34522.7,13600.0,3744,295776,50493.6,"void k_bin_bcast<&op_add, float, float, float, const float *>(const T2 *, const T3 *, T4 *, unsigned int, unsigned int, unsigned int, uint3, uint3, uint3, uint3, uint3, unsigned int, unsigned int, unsigned int, unsigned int, unsigned int, unsigned int, unsigned int, unsigned int, unsigned int, unsigned int, unsigned int, T5...)"
2.4,22929760,108,212312.6,139360.0,42368,1061632,179969.8,"void flash_attn_ext_f16<(int)128, (int)128, (int)8, (int)8, (bool)0, (bool)0, (bool)0>(const char *, const char *, const char *, const char *, const char *, const int *, float *, float2 *, float, float, float, float, unsigned int, float, int, uint3, int, int, int, int, int, int, int, int, int, int, int, long, int, int, long, int, int, int, int, int, long)"
2.1,20434400,3,6811466.7,6054592.0,6052768,8327040,1312525.3,"void mul_mat_vec_q<(ggml_type)14, (int)1, (bool)0, (bool)0, (bool)0>(const void *, const void *, const int *, ggml_cuda_mm_fusion_args_device, float *, unsigned int, uint3, unsigned int, unsigned int, unsigned int, uint3, unsigned int, unsigned int, unsigned int, uint3, unsigned int, unsigned int, unsigned int, unsigned int)"
1.6,15187840,360,42188.4,10704.0,3264,608928,80031.9,"void rope_multi<(bool)1, (bool)0, float>(const T3 *, T3 *, int, int, int, int, int, int, int, int, int, int, int, const int *, float, float, float, rope_corr_dims, float, const float *, mrope_sections, bool, bool)"
1.5,14134304,35,403837.3,47584.0,21152,1147424,442102.7,"void mul_mat_q<(ggml_type)14, (int)16, (bool)0>(const char *, const int *, const int *, const int *, float *, float *, const float *, uint3, int, int, int, int, int, uint3, uint3, int, int, int, uint3, uint3, int, int, int, uint3)"
1.3,12469344,35,356267.0,45088.0,20736,988960,389484.6,"void mul_mat_q<(ggml_type)14, (int)8, (bool)0>(const char *, const int *, const int *, const int *, float *, float *, const float *, uint3, int, int, int, int, int, uint3, uint3, int, int, int, uint3, uint3, int, int, int, uint3)"
1.2,11726592,140,83761.4,24320.0,4384,747264,131682.8,"void quantize_mmq_q8_1<(mmq_q8_1_ds_layout)0, (bool)0>(const float *, const int *, void *, long, long, long, long, long, int, int, int)"
0.8,8038304,38,211534.3,378544.0,17568,486688,186734.8,"void mul_mat_vec_q<(ggml_type)14, (int)1, (bool)1, (bool)0, (bool)0>(const void *, const void *, const int *, ggml_cuda_mm_fusion_args_device, float *, unsigned int, uint3, unsigned int, unsigned int, unsigned int, uint3, unsigned int, unsigned int, unsigned int, uint3, unsigned int, unsigned int, unsigned int, unsigned int)"
0.4,4005536,360,11126.5,8784.0,4320,56096,7640.6,"void k_set_rows<float, long, __half>(const T1 *, const T2 *, T3 *, long, long, long, long, long, long, long, long, long, long, long, long, long, long, uint3, uint3, uint3, uint3, uint3)"
0.1,1175776,36,32660.4,39504.0,19968,51136,11085.3,"void flash_attn_ext_f16<(int)128, (int)128, (int)2, (int)8, (bool)0, (bool)0, (bool)0>(const char *, const char *, const char *, const char *, const char *, const int *, float *, float2 *, float, float, float, float, unsigned int, float, int, uint3, int, int, int, int, int, int, int, int, int, int, int, long, int, int, long, int, int, int, int, int, long)"
0.1,957600,223,4294.2,3392.0,3072,10336,1501.6,"quantize_q8_1(const float *, void *, long, long, long, long, long, unsigned int, uint3)"
0.1,819168,36,22754.7,22096.0,21504,39360,3087.8,"void flash_attn_ext_f16<(int)128, (int)128, (int)1, (int)8, (bool)0, (bool)0, (bool)0>(const char *, const char *, const char *, const char *, const char *, const int *, float *, float2 *, float, float, float, float, unsigned int, float, int, uint3, int, int, int, int, int, int, int, int, int, int, int, long, int, int, long, int, int, int, int, int, long)"
0.1,798656,36,22184.9,14400.0,13920,39520,9219.0,"void flash_attn_stream_k_fixup_uniform<(int)128, (int)8, (int)8>(float *, const float2 *, int, int, int, int, int, int, uint3, uint3, uint3)"
0.1,705376,54,13062.5,12864.0,12064,35488,3129.9,"void mul_mat_q_stream_k_fixup<(ggml_type)12, (int)112, (bool)0>(const int *, const int *, float *, float *, uint3, int, int, int, uint3, int, uint3, int, uint3)"
0.1,704480,54,13045.9,8704.0,7840,26112,5329.5,"void mul_mat_q_stream_k_fixup<(ggml_type)12, (int)16, (bool)0>(const int *, const int *, float *, float *, uint3, int, int, int, uint3, int, uint3, int, uint3)"
0.1,632192,54,11707.3,14784.0,6848,20992,4452.0,"void mul_mat_q_stream_k_fixup<(ggml_type)12, (int)8, (bool)0>(const int *, const int *, float *, float *, uint3, int, int, int, uint3, int, uint3, int, uint3)"
0.0,346208,36,9616.9,11040.0,6048,22048,3701.4,"void flash_attn_stream_k_fixup_uniform<(int)128, (int)2, (int)8>(float *, const float2 *, int, int, int, int, int, int, uint3, uint3, uint3)"
0.0,238432,18,13246.2,9120.0,7904,26144,6020.3,"void mul_mat_q_stream_k_fixup<(ggml_type)14, (int)16, (bool)0>(const int *, const int *, float *, float *, uint3, int, int, int, uint3, int, uint3, int, uint3)"
0.0,232512,18,12917.3,11520.0,11072,36416,5874.1,"void mul_mat_q_stream_k_fixup<(ggml_type)14, (int)112, (bool)0>(const int *, const int *, float *, float *, uint3, int, int, int, uint3, int, uint3, int, uint3)"
0.0,210976,18,11720.9,10560.0,6880,21344,4897.8,"void mul_mat_q_stream_k_fixup<(ggml_type)14, (int)8, (bool)0>(const int *, const int *, float *, float *, uint3, int, int, int, uint3, int, uint3, int, uint3)"
0.0,172544,36,4792.9,4832.0,3744,7904,615.2,"void flash_attn_stream_k_fixup_uniform<(int)128, (int)1, (int)8>(float *, const float2 *, int, int, int, int, int, int, uint3, uint3, uint3)"
0.0,72992,1,72992.0,72992.0,72992,72992,0.0,"void mul_mat_vec_q<(ggml_type)12, (int)1, (bool)0, (bool)0, (bool)0>(const void *, const void *, const int *, ggml_cuda_mm_fusion_args_device, float *, unsigned int, uint3, unsigned int, unsigned int, unsigned int, uint3, unsigned int, unsigned int, unsigned int, uint3, unsigned int, unsigned int, unsigned int, unsigned int)"
0.0,37824,6,6304.0,5136.0,4448,10144,2429.2,"void k_get_rows_float<float, float>(const T1 *, const int *, T2 *, long, long, uint3, unsigned long, unsigned long, unsigned long, unsigned long, unsigned long, unsigned long, unsigned long, unsigned long, unsigned long)"
